{"cameraMode":{"drawMode":0,"name":"Shaded","section":"Shading Mode"},"sceneLighting":false,"audioPlay":false,"sceneViewState":{"showFog":true,"showMaterialUpdate":false,"showSkybox":true,"showFlares":true,"showImageEffects":true,"showParticleSystems":true},"in2DMode":false,"pivot":{"x":12.678062438964844,"y":-3.156038284301758,"z":15.925094604492188},"rotation":{"x":-0.1232137605547905,"y":-0.325920969247818,"z":0.042888693511486056,"w":-0.9363517165184021},"size":23.334524154663087,"orthographic":false}